{"initial_reset_timestamp": 1533941378.229839, "timestamps": [1533941388.1420977, 1533941396.9460447, 1533941405.5474806, 1533941413.9787083, 1533941422.7191706, 1533941431.2376282, 1533941439.1119819, 1533941446.7044988, 1533941454.3399146, 1533941462.1071184], "episode_lengths": [238, 238, 238, 238, 238, 238, 238, 238, 238, 238], "episode_rewards": [0.0, 0.0, 0.0, 0.0, 0.0, 0.0, 0.0, 0.0, 0.0, 1.0], "episode_types": ["t", "t", "t", "t", "t", "t", "t", "t", "t", "t"]}